palabras,frecuencia
cuidar,62
comprometer,53
naturaleza,26
compromiso,25
medio,22
ambiente,22
él,18
reciclar,15
ser,13
basura,13
biodiversidad,12
agua,9
fauna,7
animal,7
residuo,7
conocer,7
tener,6
conservación,6
conciente,6
proteger,6
vida,6
planta,6
contaminar,5
natural,5
deber,5
ayudar,5
recurso,5
respetar,5
menos,5
entorno,5
dar,4
casa,4
solo,4
amar,4
tirar,4
generación,4
enseñar,4
siempre,4
mejor,4
responsable,4
seguir,4
especie,4
cuidado,4
trabajar,4
reciclaje,4
hacer,4
cada,4
árbol,4
respeto,3
rodear,3
mundo,3
separar,3
dejar,3
rio,3
país,3
conocimiento,3
zona,3
verde,3
aprender,3
río,3
todo,3
utilizar,3
información,3
poder,3
botar,3
espacio,3
conservar,3
valorar,3
generar,3
aportar,3
cuider,3
nuevo,3
flora,3
territorio,3
así,3
contaminación,3
reutilizar,3
brindar,3
plantar,2
tema,2
diversidad,2
planeta,2
futuro,2
consumir,2
sembrar,2
cuidir,2
arrojar,2
hacia,2
querer,2
hoy,2
bosque,2
meido,2
uso,2
silvestre,2
cuidadoso,2
divulgar,2
posible,2
colombia,2
contribuir,2
ahorrar,2
mismo,2
forma,2
conciencia,2
cultivar,2
persona,2
belleza,2
plástico,2
pro,2
impacto,2
social,2
calle,2
fomentar,2
comun,2
limpio,2
ambiental,2
piso,2
reconocer,2
producto,2
consumo,2
ciudad,2
maltratar,2
especial,2
acción,2
experiencia,2
compartir,2
riqueza,2
común,2
hijo,2
importancia,2
educar,2
vivencia,2
mejorar,2
aprovechar,2
﻿me,1
comprometo,1
vital,1
subsistir,1
cultural,1
tesoro,1
mantenimiento,1
recordar,1
parte,1
reducir,1
desarrollo,1
sostenible,1
bienestar,1
difundir,1
complejo,1
consistir,1
floro,1
emitir,1
sonido,1
trav,1
cumplimiento,1
modo,1
lugar,1
guardiar,1
usar,1
cali,1
bella,1
quedar,1
año,1
dio,1
protejamos,1
seer,1
frente,1
cuidarte,1
protegerte,1
desconectar,1
electrodoméstico,1
escucharlo,1
respetarlo,1
tratar,1
pequeño,1
cosa,1
tanto,1
hermoso,1
familia,1
gastar,1
orgánico,1
aplicar,1
hogar,1
lavado,1
realizar,1
comunidad,1
aprovechamiento,1
especialmente,1
cosecha,1
trabajo,1
campesino,1
llevar,1
alimento,1
mesa,1
cuerpo,1
principal,1
momento,1
acerca,1
aún,1
mar,1
extingar,1
marino,1
necesaria,1
energía,1
desperdiciándolar,1
recuperar,1
pensamiento,1
crítico,1
ecológico,1
caer,1
consumismo,1
partícipe,1
mantener,1
vivir,1
salgo,1
senderismo,1
ningun,1
ruta,1
estudiante,1
protección,1
biodiersidad,1
desempeñar,1
carrera,1
profesional,1
direccionado,1
menor,1
tejer,1
red,1
colaboración,1
bebida,1
motivar,1
cercano,1
ver,1
supremo,1
atención,1
cuido,1
energio,1
protegiendola,1
defender,1
plenamente,1
gente,1
ciencia,1
ejemplo,1
estilo,1
ambeinte,1
amistoso,1
divulgación,1
alimentario,1
subutilizada,1
racional,1
electricidad,1
renovable,1
impulsar,1
transición,1
energético,1
justo,1
mpa,1
máximo,1
ofrecer,1
esparcir,1
piedra,1
espez,1
talar,1
endémico,1
repartir,1
cómo,1
recordatorio,1
hermanno,1
hermana,1
autóctono,1
inspirar,1
enseño,1
admirándola,1
empatizar,1
reciclable,1
concienccia,1
biiosiversidad,1
repsetar,1
explorar,1
pais,1
respetuoso,1
desendencia,1
genero,1
dato,1
compromto,1
regular,1
biólogo,1
transformación,1
desperdiciar,1
bien,1
responsabilidad,1
bastar,1
amable,1
luchar,1
derecho,1
tarea,1
gentil,1
informado,1
si,1
progresar,1
doler,1
verte,1
enferma,1
pino,1
velar,1
evento,1
continuar,1
alimentación,1
manera,1
innovación,1
sostenibilidad,1
implementación,1
páctica,1
sinergia,1
concientizar,1
l,1
abiodiversidad,1
fundamental,1
arrancar,1
región,1
¡,1
día,1
iniciativa,1
tierra,1
evitar,1
conmigo,1
empeño,1
amble,1
practicar,1
ética,1
vegán,1
mares,1
etc,1
sentir,1
escuchar,1
tocar,1
importante,1
ecosistema,1
cuanto,1
dependa,1
flor,1
razón,1
desestresar,1
ambietnte,1
nivel,1
mundial,1
tomar,1
decisión,1
concient,1
humano,1
razonamiento,1
mediante,1
adecuado,1
comienzo,1
financiar,1
explotación,1
cautiverio,1
tortura,1
muertir,1
esoeci,1
merecer,1
ninguno,1
fin,1
veganismo,1
justicia,1
